16,17,14,15,19,14,14,20,11,18,16,14,18,10,18,16,15,15,13,10,5868.612312
12,15,15,11,18,12,11,19,16,20,13,20,12,15,13,12,16,15,12,11,4483.899487
14,15,12,18,13,13,14,14,16,17,16,17,15,17,14,10,15,12,13,11,4667.752097
14,16,12,12,12,12,14,16,11,12,10,18,16,14,17,10,18,14,12,19,5200.303752
10,10,14,15,13,11,13,10,17,12,20,10,19,17,13,20,17,20,13,10,1880.534783
10,18,14,20,12,15,12,11,19,19,14,16,17,12,13,16,14,20,13,12,6972.47407
17,16,11,13,11,17,16,12,19,14,14,19,18,14,16,14,13,14,12,10,5448.535777
16,17,16,19,18,20,15,17,10,14,16,19,17,18,20,10,20,12,13,18,6505.767333
10,17,17,16,13,19,11,20,16,16,14,10,13,13,12,10,15,10,15,12,6060.876342
10,14,11,18,20,14,15,17,18,14,11,18,10,16,14,15,20,18,19,14,3884.216851
13,11,15,13,10,17,17,17,11,14,13,12,15,13,19,10,13,18,18,12,2380.361234
12,19,16,17,15,16,11,15,12,11,16,17,13,17,18,14,20,18,16,14,7959.899447
14,14,11,20,16,15,18,19,18,15,10,17,12,10,14,18,12,15,12,18,3772.093627
18,11,15,19,13,18,17,17,13,13,19,13,20,13,16,19,15,12,11,20,2582.539837
15,12,17,20,17,13,10,15,15,11,14,13,14,20,19,14,16,13,10,12,2815.298453
19,10,17,13,17,15,12,20,16,18,15,15,18,12,18,13,10,12,11,10,2234.770571
13,14,10,12,20,13,14,11,15,18,17,13,12,14,16,20,18,18,14,15,3691.058639
15,17,14,17,19,12,12,18,15,12,14,12,11,11,15,16,14,20,15,16,5796.40451
20,17,18,11,14,14,19,11,15,13,13,15,10,14,15,12,12,10,12,14,6118.095236
16,15,13,20,18,15,16,18,10,16,14,18,11,15,11,20,10,18,17,18,4609.315766
12,15,10,13,15,14,12,13,12,19,18,13,13,17,15,11,19,16,20,15,4620.386937
10,13,10,18,17,12,12,15,18,19,14,12,11,20,18,16,19,13,16,16,3367.410176
17,15,12,15,12,10,10,14,18,13,13,12,16,18,17,13,13,19,19,12,4593.997009
17,13,13,16,12,12,19,17,10,10,10,14,12,15,13,17,14,12,17,16,3254.474767
17,18,12,11,11,16,14,18,15,12,10,12,18,18,17,16,19,18,18,11,7112.079955
10,12,10,17,20,20,11,20,14,11,10,20,15,14,14,13,12,10,10,16,2912.36912
18,18,18,13,11,15,18,13,19,15,19,13,10,11,16,19,16,14,16,20,7021.227783
11,16,17,17,17,13,14,19,12,18,14,16,10,13,17,20,13,10,19,10,4890.316121
18,12,16,17,17,13,12,11,10,14,18,10,11,11,18,20,20,13,17,12,2535.556467
20,17,11,16,10,14,14,20,18,11,19,11,19,13,15,19,15,16,13,17,6135.980223
12,16,14,19,14,17,18,13,10,20,11,18,12,10,14,10,10,10,16,18,5267.683752
19,13,20,14,14,13,20,17,15,19,20,10,15,16,13,17,15,12,12,10,3435.974104
12,11,10,11,18,18,11,12,14,16,14,14,19,18,12,18,19,19,19,20,2843.399007
16,12,16,12,17,12,19,19,12,14,18,18,20,18,20,12,10,20,16,17,3100.799215
15,14,18,20,15,17,14,10,19,13,17,17,20,11,18,18,20,12,12,10,3884.019788
11,13,19,19,14,18,19,12,11,10,20,17,18,13,18,11,17,11,14,12,3312.789144
13,10,13,17,15,11,10,12,19,13,17,11,13,12,13,19,20,10,17,20,2011.578013
12,10,15,20,17,20,12,18,10,10,17,13,20,12,15,15,13,10,11,12,2045.836269
13,20,20,19,14,18,16,16,10,14,16,12,18,18,11,20,18,13,15,15,9282.804321
15,13,18,13,20,13,13,19,17,18,16,19,16,20,11,16,14,16,13,12,3679.608216
18,18,20,11,17,11,20,11,15,17,15,19,20,11,18,14,14,15,14,19,7142.731288
15,20,13,18,12,20,20,16,18,12,10,17,18,17,20,14,15,15,14,15,9464.720839
11,10,11,19,16,15,12,11,10,16,19,16,19,15,13,20,15,10,14,16,2094.265773
18,19,11,16,16,16,17,20,10,19,14,15,12,11,13,18,14,17,17,13,7981.522749
19,12,14,15,16,11,10,12,12,18,20,14,18,19,16,18,10,11,12,19,3065.183853
16,19,12,17,17,10,16,15,11,15,19,18,16,19,16,20,20,12,16,18,8095.18348
12,12,11,16,13,10,12,16,17,19,12,19,19,19,12,11,19,14,11,13,3106.825608
17,16,18,15,17,17,18,16,13,20,11,15,13,11,16,20,16,18,16,10,5162.271819
16,12,11,13,17,12,20,16,19,12,20,12,17,15,10,18,19,15,16,10,2875.296014
10,18,11,18,20,10,11,10,17,11,15,17,18,15,13,20,11,11,13,18,6801.913053
20,20,14,15,20,17,14,11,14,20,10,10,16,11,14,20,19,19,14,12,9232.959503
20,10,10,18,13,14,19,20,14,15,17,16,18,13,15,13,16,15,12,13,2324.067999
18,20,20,19,13,15,13,20,16,12,13,18,20,19,13,14,19,14,17,20,9732.814115
16,19,16,20,15,20,20,17,13,11,13,15,15,20,10,18,12,10,19,13,8459.626336
10,20,19,20,15,13,15,18,13,19,10,18,12,13,15,14,13,13,12,17,8999.775636
10,16,14,19,16,15,20,19,11,17,20,12,11,13,16,18,17,19,17,14,4985.207934
10,19,18,10,17,16,10,13,14,16,14,18,12,12,10,15,19,12,11,14,7879.429755
16,14,13,16,17,16,11,17,16,13,20,16,15,19,11,13,10,12,11,11,4119.502196
20,18,10,11,14,10,19,12,10,20,20,18,19,16,15,20,17,19,12,13,7077.939011
13,20,11,17,14,13,20,10,15,13,10,20,10,11,18,12,13,11,20,10,8925.12007
11,14,20,16,17,18,10,11,14,11,15,20,19,13,10,16,15,18,17,14,4059.303383
19,14,10,20,20,19,13,19,13,16,18,14,18,17,16,15,11,11,11,13,4222.896129
15,18,16,11,10,12,12,13,10,11,12,12,13,16,10,19,13,12,17,14,6837.943958
16,18,11,13,19,12,10,11,12,18,12,14,16,15,14,18,11,10,12,16,6902.621624
20,20,20,20,11,19,13,19,20,13,19,16,20,10,13,14,13,18,20,14,9656.232196
18,19,18,11,18,16,11,16,11,19,18,15,18,10,19,18,17,20,10,13,7883.162115
13,16,17,13,11,13,16,17,17,17,17,10,20,13,12,20,17,15,11,12,5072.755941
18,14,16,18,11,18,15,11,19,10,10,11,17,19,14,19,19,15,11,15,4126.803464
16,14,17,14,16,20,17,11,11,13,18,12,18,10,19,18,12,11,18,15,3868.136734
19,19,14,19,14,15,15,12,16,20,15,18,13,19,19,20,17,13,10,20,8288.214228
14,13,18,10,19,11,11,18,16,14,18,12,17,11,10,15,14,14,19,12,3212.140661
17,15,15,17,16,15,12,15,11,15,10,14,20,18,20,14,12,14,20,12,4691.65411
15,13,18,17,12,16,19,16,12,11,11,19,20,11,17,13,13,20,19,18,3521.774408
11,10,13,13,17,15,19,17,18,13,19,18,18,20,18,20,10,19,15,11,2197.736392
13,20,16,12,14,17,11,16,20,20,11,12,17,12,10,20,12,16,10,11,9174.702861
14,10,18,20,14,17,13,16,16,20,20,18,14,10,15,14,10,17,20,19,2441.751882
20,11,17,20,17,18,12,14,11,19,13,11,10,10,15,19,13,12,20,11,2495.990009
12,12,18,20,20,20,15,11,19,10,16,17,14,15,13,19,14,14,19,17,3114.056719
10,15,19,18,13,15,16,18,12,19,20,17,17,16,16,10,19,15,11,20,4642.888195
13,16,13,13,10,15,12,12,15,16,20,17,19,10,15,16,20,16,20,19,5384.729201
10,14,18,14,12,17,10,12,12,20,11,19,16,17,10,12,11,15,12,17,4122.585462
14,20,17,11,18,11,15,17,20,10,19,17,16,14,19,16,11,15,12,20,9019.954194
18,14,18,16,13,12,17,16,20,12,16,12,10,14,14,17,17,10,10,13,3743.493786
14,14,17,16,18,20,15,11,18,16,15,18,11,11,13,13,18,18,18,19,4222.651192
12,11,15,16,17,17,18,14,12,12,10,19,15,16,17,20,11,19,11,15,2340.674658
15,10,13,10,15,19,12,20,16,19,14,17,20,12,17,20,12,11,20,10,2295.918839
16,14,12,10,10,11,15,10,19,11,14,11,12,19,10,15,12,12,10,19,3940.422284
18,14,16,14,12,19,11,15,20,20,14,12,10,20,10,19,13,18,20,12,4467.712587
18,15,12,13,17,17,10,20,17,20,16,11,19,13,12,10,11,17,11,10,4764.196783
11,11,19,19,11,15,18,17,18,12,11,10,13,11,13,15,19,12,12,17,2236.696654
18,16,13,20,16,15,17,15,11,19,19,11,15,10,10,13,11,11,20,17,5415.291144
15,19,19,14,10,13,13,17,19,11,18,17,12,12,13,10,15,16,18,12,8000.310915
20,15,13,17,17,10,17,20,15,13,19,15,19,15,17,14,20,20,11,14,4581.723598
11,16,14,14,19,14,18,12,14,19,17,20,19,15,12,10,18,10,18,19,5590.594009
15,17,19,13,10,10,10,13,10,11,10,13,12,11,20,13,20,14,17,13,5664.374312
18,15,13,10,17,10,20,19,19,12,20,18,13,17,10,10,20,10,17,15,4813.840541
12,14,20,19,17,20,13,10,19,14,19,10,20,12,14,16,17,15,15,16,4030.890561
20,13,14,12,12,15,18,16,16,11,12,18,11,19,20,19,12,16,19,16,3542.159728
13,10,20,14,17,18,19,14,13,11,19,16,16,11,16,13,13,18,12,15,2084.385896
17,11,18,18,13,11,15,14,19,16,10,20,18,16,13,13,15,15,17,14,2829.174485
17,10,10,11,20,12,20,10,10,11,12,20,18,15,12,17,18,13,17,16,2280.462565
13,16,19,15,10,10,19,19,11,20,16,19,16,10,19,17,13,18,13,13,4930.552659
14,19,10,16,19,20,15,13,13,15,14,11,11,16,13,12,16,15,16,17,8238.253907
12,19,20,19,14,18,14,15,14,20,14,14,13,19,10,17,13,15,12,18,8311.500006
13,14,15,18,19,10,10,15,15,11,10,14,13,13,10,15,17,14,19,14,3725.980168
20,18,14,11,20,12,15,11,19,15,12,15,13,17,19,16,17,19,17,15,7181.215989
10,16,20,16,19,13,15,12,11,15,18,14,16,10,11,20,16,11,18,11,4942.953341
10,18,13,18,14,20,16,10,13,20,10,17,18,18,14,17,15,17,20,11,7285.150177
19,15,20,11,20,10,20,11,14,16,12,19,13,12,12,18,13,20,11,10,4435.868288
18,10,10,18,15,11,18,20,10,10,16,16,16,11,19,16,13,11,17,17,1982.630553
16,20,16,12,10,19,18,11,14,19,20,13,15,16,11,20,10,16,13,10,9324.907216
20,19,11,11,18,13,15,12,16,13,13,19,19,16,13,18,12,10,16,12,8288.508446
19,12,16,12,19,18,11,17,19,15,10,17,13,16,13,12,11,20,11,19,3283.062989
12,18,10,18,20,17,14,10,20,11,10,13,18,13,17,20,14,17,18,17,6943.857621
13,10,14,19,11,18,20,12,17,15,14,10,20,17,12,19,11,15,14,12,2278.605641
18,14,11,14,17,20,12,20,18,10,16,20,10,15,12,17,17,16,17,16,4217.019241
16,18,20,20,16,14,13,18,17,17,15,16,11,11,20,19,16,17,13,15,6797.313706
19,12,11,11,19,13,15,18,20,10,19,15,17,16,18,12,18,11,16,14,3076.855068
19,17,14,12,14,16,17,12,13,16,10,20,11,15,16,15,12,12,18,19,6343.917265
17,20,10,15,20,14,14,11,19,20,19,20,16,12,18,14,17,19,12,11,9315.959503
14,13,17,15,12,17,20,13,10,14,10,14,17,20,13,14,13,13,12,18,3585.751882
20,10,12,15,16,10,11,20,18,12,17,16,12,14,19,18,19,17,11,16,2011.750895
20,20,10,13,11,17,13,14,10,19,10,17,16,13,12,20,12,10,17,14,9390.338327
13,13,18,12,18,18,14,16,16,18,11,14,14,18,16,15,13,20,15,19,3636.011676
13,16,17,16,18,14,12,19,14,15,16,20,14,16,10,13,18,18,15,14,5374.30314
14,16,20,12,16,12,19,20,13,10,10,17,16,13,18,11,14,12,18,10,5069.173068
11,16,10,18,12,10,12,20,12,20,11,19,12,19,16,13,13,16,10,10,5107.444065
11,15,12,20,20,14,10,15,20,11,14,10,19,12,13,18,12,14,11,11,4218.743236
19,16,19,10,10,17,10,20,10,17,16,17,19,11,17,15,19,13,10,14,5323.995724
11,10,12,20,20,14,11,11,12,11,12,17,12,19,11,12,12,15,13,12,2116.563341
17,15,15,16,14,18,13,16,10,17,15,12,15,13,10,13,10,16,10,19,4661.425377
19,10,12,11,13,20,15,17,18,12,13,18,18,20,17,14,18,11,10,20,2751.47507
16,10,14,12,10,13,20,15,18,14,10,14,18,11,16,12,19,19,10,14,2088.300035
19,18,12,19,15,17,17,19,18,20,14,14,10,17,16,10,17,13,13,11,7331.803903
16,20,11,19,18,11,16,13,19,13,10,19,11,16,20,14,19,15,20,19,9273.156557
15,14,13,12,15,18,20,13,18,15,11,11,11,17,12,16,15,17,19,11,4075.557179
18,14,16,13,11,15,10,12,11,15,19,19,11,13,16,13,10,18,13,18,3943.720769
17,17,17,18,20,17,14,16,14,17,11,17,19,19,15,10,18,18,13,14,6554.011676
12,15,18,18,20,11,14,19,20,18,11,12,18,18,12,17,18,18,20,20,4848.983498
10,16,20,13,18,15,14,10,13,11,17,17,10,17,15,14,18,18,13,19,5166.404099
10,17,18,17,19,19,11,14,16,15,14,20,12,18,11,18,10,20,20,20,6457.06296
14,12,12,10,20,17,13,12,18,14,14,19,14,10,19,17,10,17,11,14,2736.993552
13,19,12,10,14,12,13,13,10,14,12,20,19,12,12,11,16,15,12,12,7927.103067
11,12,19,13,13,14,19,12,16,14,15,11,19,10,20,19,20,10,20,14,2574.674672
17,18,13,15,15,17,12,16,16,20,11,12,15,12,14,12,12,17,17,18,7260.103724
15,17,15,14,13,15,19,18,12,13,19,15,19,17,13,13,20,16,12,16,6219.830053
17,19,14,16,10,15,19,13,15,11,19,12,13,15,13,17,18,16,14,20,8081.116479
19,10,19,13,15,16,20,13,20,20,13,16,15,18,12,14,12,20,17,16,2781.431521
19,15,16,19,12,19,19,15,12,18,15,11,17,19,10,11,17,11,15,18,5122.711595
20,13,14,12,13,19,19,15,16,19,20,19,20,10,18,17,20,19,16,11,3712.818202
12,15,15,13,15,13,20,19,12,18,19,12,11,14,20,14,18,20,20,16,4387.909193
10,19,20,11,18,20,14,14,11,16,19,11,18,11,11,13,15,19,16,12,8011.267393
13,17,10,15,13,16,19,19,16,12,12,16,17,20,10,17,10,19,19,12,6337.417711
14,11,14,18,20,19,11,15,13,17,18,12,11,18,17,11,15,14,20,14,2745.9037
19,20,12,12,20,11,16,10,11,15,18,15,18,14,16,13,20,17,15,18,9264.072515
14,10,12,10,15,11,10,19,10,20,19,12,20,20,15,11,19,18,17,10,2240.562899
19,10,20,18,16,13,10,14,11,13,11,17,13,10,14,17,16,17,12,17,2045.134404
19,13,19,13,10,13,14,17,10,12,10,14,14,13,11,12,20,20,12,13,3338.209249
14,12,17,12,17,18,19,13,12,16,18,13,17,11,17,10,18,15,19,20,3088.637294
10,16,14,17,20,19,15,17,18,20,11,18,13,17,13,14,12,18,10,10,5451.216851
17,13,17,15,12,13,20,17,11,15,10,12,18,14,12,11,20,11,18,14,3452.983506
20,18,20,15,17,13,20,19,17,13,14,11,16,17,16,16,16,19,19,11,7150.534439
13,16,20,20,11,17,11,13,16,18,15,12,15,17,12,18,18,19,12,16,5381.150014
12,11,19,16,15,19,10,11,12,19,17,10,12,14,11,10,16,13,12,11,2498.086223
11,20,15,18,16,16,20,15,14,20,19,12,16,18,18,20,19,14,13,18,9169.396883
18,14,14,15,11,18,16,17,11,18,11,14,14,15,18,17,18,16,17,11,3969.81775
20,13,11,12,15,16,12,13,10,16,19,18,12,18,11,14,18,17,17,16,3754.713442
16,18,20,19,14,15,13,17,15,11,16,14,16,15,19,18,20,13,18,13,6937.553614
10,13,20,20,13,11,13,11,14,10,18,10,10,20,19,18,18,16,18,19,3176.754101
14,20,10,11,18,17,13,20,13,10,18,11,17,18,12,13,16,17,18,11,9258.690956
14,17,14,19,11,16,16,19,19,13,13,19,13,13,10,13,10,13,19,14,6245.950014
20,19,17,15,13,19,16,18,18,18,11,15,14,12,12,16,12,10,15,10,8331.693886
12,15,18,14,20,18,14,10,20,11,13,15,16,19,19,20,14,19,13,15,4575.968896
18,19,15,19,15,19,19,17,11,15,15,15,19,11,17,19,16,19,10,15,8044.348078
19,12,14,14,12,20,15,20,17,15,10,20,15,18,11,13,20,14,15,11,3485.459791
14,16,18,14,18,11,13,13,14,19,18,18,12,18,18,17,14,10,18,18,5337.167163
16,17,10,11,10,18,18,14,12,11,14,17,12,20,17,17,19,12,16,10,6167.405585
14,10,12,17,14,12,20,15,10,11,13,13,14,12,14,12,19,16,17,11,1900.396883
13,12,17,16,20,16,15,10,12,14,16,20,13,18,13,20,15,12,10,16,2907.879251
11,18,18,13,13,17,17,19,10,18,12,20,16,13,10,19,19,10,20,17,7129.609594
10,14,18,17,17,13,17,20,20,14,12,13,18,12,13,11,11,14,18,19,3937.80126
19,14,12,11,12,10,17,13,15,16,12,12,15,17,14,14,14,11,15,14,3985.965269
16,15,18,13,19,11,19,11,19,12,10,10,20,19,10,19,16,13,15,14,4643.218694
13,11,17,10,11,20,20,19,15,16,18,17,14,18,10,17,10,16,15,17,2886.058066
19,16,18,18,19,15,20,13,18,13,17,15,13,10,12,18,13,10,13,15,5302.474144
17,10,19,10,16,11,11,13,10,11,12,19,18,20,12,18,10,20,12,17,2310.625169
18,13,15,11,11,18,18,19,19,13,20,20,10,10,11,10,15,16,11,16,3534.443349
17,19,20,10,14,16,15,14,16,11,15,14,11,11,16,18,16,10,14,14,7858.550616
15,10,11,16,10,11,15,19,17,20,17,16,12,15,13,11,14,11,15,13,2256.811458
19,14,13,14,14,12,15,14,14,13,20,14,14,11,12,11,16,20,12,11,3856.007582
12,19,15,17,17,18,12,16,16,10,17,18,10,10,18,19,20,12,15,15,7742.916863
13,14,16,19,15,13,10,11,14,10,17,17,14,16,20,16,19,17,19,17,3819.704658
19,12,11,18,12,16,13,20,20,18,14,17,12,14,11,16,18,19,18,17,3336.016645
17,15,12,16,11,14,16,17,19,18,18,15,12,16,11,12,14,20,15,12,4775.018599
15,15,20,15,11,19,13,13,14,20,11,16,18,16,14,15,14,10,12,17,4868.91816
14,14,11,10,16,13,20,17,15,12,11,10,15,17,14,11,12,19,18,12,3870.382043
10,18,16,19,13,12,13,18,16,19,20,20,20,17,15,19,14,19,16,18,7188.133051
15,19,11,12,17,19,17,15,16,20,13,14,10,11,12,12,20,16,14,14,8143.329737
14,18,12,14,18,10,15,10,14,20,20,10,18,13,18,16,15,11,13,10,6698.751901
17,15,16,17,15,10,14,20,12,16,16,14,15,11,12,17,17,16,18,17,4508.174532
15,13,12,16,20,19,15,17,20,17,11,18,20,17,16,18,16,10,14,11,3731.423817
20,16,16,15,11,13,13,14,12,13,10,14,12,19,12,15,16,17,13,17,5476.920951
13,10,19,14,18,18,10,20,13,18,19,10,15,19,14,10,13,15,10,18,2365.018878
17,19,10,13,13,14,19,12,12,18,15,11,14,19,10,17,11,10,12,12,8127.674672
18,18,10,13,15,18,16,20,12,10,15,20,16,16,14,16,11,13,17,13,7245.312389
17,17,14,19,12,14,15,16,15,20,20,16,10,13,14,12,20,17,13,19,6226.906635
17,11,20,15,13,19,20,12,13,13,16,13,13,18,11,13,11,19,13,13,2773.525387
11,16,10,13,18,10,11,10,14,16,13,15,19,11,19,17,19,12,16,20,5013.712538
20,13,12,12,16,10,18,11,13,13,12,19,10,18,10,11,12,16,15,13,3528.163334
15,12,17,19,20,12,14,10,10,15,18,19,18,19,15,11,17,16,12,14,3071.531115
15,18,14,17,19,12,11,12,20,14,17,20,16,10,18,13,11,20,10,14,6889.06294
19,12,19,16,17,10,11,16,19,17,14,13,20,11,12,17,20,19,18,13,3005.188636
18,19,11,13,14,20,12,16,18,13,20,11,10,15,15,18,18,15,20,14,8250.055729
11,11,10,14,12,11,14,11,11,18,14,16,18,16,12,15,12,13,12,11,2355.780275
12,17,15,17,12,12,13,18,18,16,19,19,16,10,17,16,11,19,17,17,6015.176311
10,19,20,17,13,18,19,17,20,14,13,15,20,17,20,18,13,16,19,20,8267.680176
20,20,10,13,19,20,13,10,12,10,14,15,13,20,18,11,17,10,10,19,9591.807526
11,19,18,19,15,20,12,15,14,19,20,19,12,12,17,10,18,14,13,11,8098.592301
20,14,12,12,20,17,10,14,14,14,18,11,15,18,16,19,16,20,20,16,4216.209595
16,10,19,10,20,10,15,12,19,11,10,15,18,11,11,11,13,14,10,14,2056.707007
20,19,20,10,18,13,15,11,11,13,10,13,19,20,12,14,20,11,10,15,8285.402189
17,20,16,16,11,14,18,18,16,15,12,12,18,14,10,19,17,10,15,19,9305.938218
15,12,13,18,16,15,12,14,14,19,18,13,16,12,10,10,16,13,15,14,2999.620243
10,20,20,14,19,14,16,14,11,15,12,17,19,13,11,17,19,16,13,15,9047.831327
11,13,19,20,20,19,12,14,11,17,19,20,12,18,14,17,13,11,10,11,3404.400934
19,16,13,19,20,15,15,20,10,19,14,12,12,18,15,16,15,19,14,11,5362.068579
15,18,13,10,14,16,19,18,11,12,17,19,17,16,10,10,19,15,14,16,7238.338685
15,19,17,15,13,17,17,12,15,19,14,20,19,18,15,12,17,14,15,11,8428.874004
16,10,18,12,20,17,19,20,13,10,18,15,14,13,12,15,14,20,15,16,2210.823435
12,19,15,19,19,14,14,20,11,12,20,18,11,19,16,11,17,14,12,14,8012.952632
19,11,20,13,20,20,18,10,20,12,10,11,20,13,13,14,16,14,16,19,2919.39368
19,19,17,14,20,15,13,12,15,11,11,14,18,16,20,11,10,19,20,19,8361.104827
13,16,12,19,10,20,20,12,16,14,15,11,10,16,15,19,12,13,15,17,5327.831489
16,20,16,10,14,17,16,13,20,18,12,13,16,14,17,12,18,17,20,10,9379.286467
14,15,18,13,19,20,11,17,14,20,15,19,20,14,20,16,15,13,14,18,4831.570211
16,12,19,17,10,12,15,19,16,18,20,14,12,18,14,19,19,17,14,13,2946.85005
20,19,16,18,18,12,15,18,10,16,11,15,14,15,18,15,18,18,12,16,8022.203207
20,17,17,19,19,19,16,10,12,11,15,18,18,10,17,10,10,12,19,13,6398.734271
19,16,10,20,10,15,12,20,15,12,17,11,13,20,20,15,13,19,10,19,5380.874398
16,11,13,18,18,14,15,15,11,14,19,18,16,16,18,13,19,18,15,15,2586.252343
16,13,15,18,19,15,18,10,18,14,19,13,17,16,12,13,12,11,11,12,3475.640015
11,17,18,14,19,16,19,19,18,17,11,10,17,15,14,11,19,16,20,13,6186.709641
13,12,15,15,19,11,13,19,12,12,13,14,14,10,13,11,13,11,11,17,2593.133061
14,10,15,12,10,10,20,13,12,19,10,13,14,12,12,12,16,10,20,17,2131.780246
13,13,13,12,17,10,18,15,12,15,17,20,13,13,16,20,14,16,19,20,3207.48589
19,13,16,10,19,10,13,14,14,15,16,18,20,11,18,17,18,15,14,16,3359.682504
13,12,14,13,11,19,19,17,16,20,10,14,19,17,10,16,10,19,16,16,3300.6978
20,10,19,18,17,11,15,19,14,11,14,14,17,13,17,11,15,16,20,19,2384.106168
11,16,10,10,18,14,15,12,12,16,19,14,18,19,13,12,14,18,11,19,5359.30148
20,17,10,11,19,15,14,11,11,20,17,11,15,15,13,11,18,13,10,13,6230.466725
15,13,12,11,16,18,10,16,15,13,16,11,15,20,13,15,20,12,13,15,3582.471186
15,19,16,20,20,12,15,20,19,20,16,16,19,10,16,10,18,18,15,14,8181.167715
12,12,11,13,14,15,18,19,16,16,18,17,10,17,20,11,18,18,16,18,2956.970862
11,13,18,20,16,14,18,18,18,20,13,10,12,14,12,17,15,11,19,14,3336.194336
16,11,14,18,20,15,12,13,14,19,18,14,19,17,13,18,19,17,20,14,2776.9761
12,16,18,20,15,19,20,17,20,11,17,10,11,19,10,14,19,19,14,17,5517.320234
16,15,18,19,14,18,14,10,20,11,16,11,16,16,11,13,12,12,17,13,4795.360108
18,11,17,13,11,10,12,13,11,14,10,19,12,11,11,12,12,20,13,17,2414.937507
19,16,14,13,12,18,10,16,15,20,14,13,15,16,10,15,17,10,20,18,5817.215068
10,20,16,10,16,16,18,18,12,16,18,16,16,13,10,13,12,20,19,15,9199.107271
10,18,16,12,18,13,12,12,16,13,19,18,14,12,15,17,10,11,20,15,6829.810148
20,11,15,16,10,13,19,20,11,11,13,19,17,17,17,10,17,10,12,18,2770.909502
16,15,11,19,13,11,12,18,14,17,12,16,17,14,10,18,10,16,18,14,4603.473951
12,17,16,16,17,10,20,14,11,19,20,20,15,16,15,19,15,14,12,15,5932.810443
14,10,20,10,19,10,15,19,14,12,19,17,15,15,17,15,10,17,20,13,2048.543949
19,18,17,20,15,13,14,19,12,12,10,17,14,14,10,15,16,13,18,10,7082.891995
14,12,12,20,16,12,12,15,18,18,20,12,14,12,15,13,15,12,16,12,2799.12693
14,15,14,12,13,15,15,15,19,18,17,15,15,14,10,20,10,12,15,11,4615.637912
10,19,13,10,12,13,10,20,11,20,15,15,12,14,11,18,20,15,11,14,7752.233293
17,19,12,18,13,11,18,17,20,15,16,12,11,12,16,18,10,18,12,12,7777.902397
20,18,18,18,20,20,14,16,16,13,20,18,20,14,19,17,11,11,10,14,7333.762673
20,12,17,11,17,16,10,16,13,11,19,17,14,17,19,14,13,16,20,11,3088.046361
20,18,13,13,15,18,10,18,14,13,11,15,15,16,17,13,15,17,11,14,7217.89651
10,15,17,12,19,20,17,19,14,16,11,13,18,12,17,17,17,20,20,20,4650.79627
13,11,20,11,18,18,10,17,19,12,18,19,11,10,13,17,12,19,11,10,2330.150531
16,10,14,13,13,13,20,16,11,17,11,19,13,20,10,19,20,17,19,15,2450.065894
20,14,12,14,10,12,16,11,17,11,14,18,12,19,19,18,14,12,14,15,3997.752469
18,12,20,11,15,18,10,12,11,20,17,18,11,14,14,13,14,15,18,14,3144.772322
11,17,19,14,10,13,17,12,10,11,12,16,17,14,20,16,18,11,20,10,5736.919219
19,20,17,13,20,15,14,14,17,13,17,19,14,19,17,16,10,19,18,10,9443.931325
18,12,20,19,10,20,11,13,17,18,10,19,16,13,12,13,17,19,12,20,3396.605983
13,17,17,14,19,12,18,12,16,18,14,20,12,13,16,15,18,15,17,20,6105.788318
16,15,15,15,16,19,15,11,18,11,17,17,14,16,15,19,12,18,16,15,4736.114276
14,20,13,15,13,11,12,14,17,18,18,17,14,15,18,11,15,17,15,18,9243.946749
20,10,17,10,14,16,15,14,14,15,17,20,15,16,14,10,12,17,11,12,2506.13324
16,15,17,15,13,20,15,12,14,12,17,10,19,16,16,12,18,11,20,10,4759.223631
15,16,20,11,18,19,12,14,16,13,20,10,15,15,17,11,15,14,20,18,5527.727599
20,12,18,12,11,18,15,13,20,10,13,14,15,17,11,19,19,12,14,11,3189.917179
11,18,14,13,15,20,12,16,15,11,11,14,14,18,13,13,16,13,20,10,7139.485288
14,11,20,13,16,16,16,16,15,13,13,15,19,17,18,13,11,17,19,11,2604.144246
10,19,16,12,15,16,10,14,17,12,13,11,10,11,13,10,20,12,10,20,7798.497419
13,14,11,18,11,18,13,12,19,19,14,17,17,10,18,19,17,16,19,19,4101.754111
17,16,11,15,15,20,11,10,17,10,15,15,19,12,11,16,19,10,10,17,5458.106365
16,18,19,18,14,12,15,17,11,13,18,14,13,15,17,17,18,13,19,13,6861.465668
16,14,16,17,18,20,13,12,17,11,19,15,11,18,11,12,12,18,18,10,4227.54003
12,15,12,13,17,18,18,17,18,14,19,12,11,15,15,18,20,12,15,17,4518.735246
16,15,15,19,10,19,11,17,11,12,12,20,10,17,11,10,19,18,10,16,4740.705158
19,15,10,14,15,13,14,14,19,12,18,15,10,16,13,10,10,11,13,14,4688.518801
20,11,14,19,14,13,11,20,19,10,18,11,10,16,18,15,10,19,17,14,2503.14068
14,10,13,10,11,14,18,12,16,14,17,13,18,19,11,12,17,16,14,12,2320.70026
15,18,15,20,17,15,15,15,20,11,11,14,16,11,10,18,17,18,15,15,6994.041933
14,18,20,15,11,13,16,13,19,17,15,17,13,12,14,17,17,16,13,14,6920.969363
13,12,15,11,20,15,18,15,14,13,14,14,19,17,19,19,13,11,14,17,2802.648146
18,11,14,13,14,13,17,10,10,14,13,16,10,17,10,13,16,18,13,10,2485.625645
15,15,20,15,12,17,18,18,17,18,11,15,18,16,14,17,18,13,11,11,4680.365824
11,18,15,12,20,11,10,16,12,15,17,13,19,15,18,10,11,18,13,15,6816.45762
15,10,10,16,13,17,10,15,13,11,11,12,15,12,15,19,11,20,11,19,1973.172796
12,18,11,14,20,19,12,10,10,17,16,10,17,17,14,15,13,12,20,18,7195.010643
12,17,16,17,17,14,15,10,19,14,15,17,14,10,19,12,15,11,19,13,5975.541491
13,17,20,13,14,13,18,18,18,17,19,10,16,11,12,18,17,11,19,20,6089.472847
10,13,19,11,20,20,11,16,19,20,16,16,13,18,17,12,18,19,10,12,3601.062979
17,19,19,13,20,10,14,13,11,11,19,20,11,17,13,12,11,12,16,12,8021.254268
15,13,20,10,19,19,15,13,15,10,20,15,18,19,16,19,12,20,14,16,3585.516564
17,17,12,16,16,17,19,15,19,18,18,15,10,20,13,11,15,19,11,20,6557.110132
16,17,14,20,20,12,20,15,15,18,13,18,14,13,20,20,14,12,11,12,5844.070551
10,16,18,19,10,16,13,13,13,11,13,16,15,14,18,19,11,18,15,13,4981.167163
13,14,20,18,13,12,17,18,17,13,13,13,11,12,15,14,18,11,20,15,3737.115022
10,19,13,19,10,16,16,10,16,15,11,14,14,19,15,15,16,17,17,11,8058.615548
11,15,10,15,15,16,13,19,15,18,17,17,17,12,12,13,19,10,12,13,4556.08944
11,17,14,20,12,13,11,17,16,19,10,11,15,10,16,20,10,16,11,10,5628.17569
13,12,19,18,12,17,15,10,20,10,19,19,14,18,13,16,15,17,19,13,3128.004908
15,12,12,14,18,12,10,11,20,10,12,17,12,12,13,19,11,19,19,14,2732.414658
17,18,19,18,11,17,13,12,15,16,11,11,18,13,20,17,18,17,18,11,6973.080617
13,11,20,17,16,11,18,19,14,17,16,11,16,12,20,13,11,16,18,11,2199.155436
11,13,13,19,18,17,13,19,14,13,20,14,20,11,15,14,11,12,18,16,3376.695614
20,10,20,12,15,18,17,10,20,10,18,11,12,15,17,10,15,19,19,20,2577.18619
14,20,12,19,13,12,16,12,20,10,15,13,18,19,11,20,17,16,20,16,9328.677424
15,12,11,14,14,11,13,19,13,13,12,20,11,15,14,13,15,10,20,14,2872.42976
20,15,12,13,13,12,19,18,18,10,14,18,10,10,19,18,19,14,10,10,4226.108564
15,13,19,19,15,14,13,10,10,12,15,14,16,16,19,19,14,13,20,12,3203.272125
17,18,17,16,14,13,18,15,14,16,19,16,15,10,20,12,12,11,11,14,6855.725808
20,10,14,18,13,11,10,19,16,16,14,13,15,16,20,16,17,16,20,12,2232.795863
15,19,14,15,17,15,19,18,17,13,17,18,20,20,14,15,16,13,17,14,8414.156559
11,14,18,14,15,16,13,10,10,11,18,13,12,15,20,11,18,15,20,20,3897.502246
12,12,10,14,13,17,18,19,19,13,14,13,20,11,18,16,10,11,13,18,2796.151419
10,10,15,17,13,19,19,12,11,20,16,10,17,19,18,15,10,20,14,10,2176.131639
10,10,19,18,18,10,10,13,11,11,12,14,19,20,19,20,10,12,12,14,1855.640165
12,20,13,15,16,10,12,19,11,18,14,17,12,10,10,18,15,14,16,10,8802.507819
11,14,14,16,16,14,11,16,11,20,14,17,20,10,20,14,12,17,10,19,3699.750856
11,20,13,12,15,16,17,12,11,13,10,10,15,19,16,12,11,12,11,19,9104.576945
12,20,13,16,16,14,10,16,12,10,20,16,18,15,13,10,13,19,20,17,9272.157636
20,20,17,11,11,12,10,14,15,20,11,20,11,15,16,14,14,14,13,14,9314.374322
10,11,18,15,15,17,11,18,15,10,12,14,10,16,17,19,19,14,15,14,2227.641071
15,11,11,12,12,16,19,20,20,16,16,12,17,12,15,10,11,12,20,13,2669.924398
14,14,17,19,12,19,12,10,18,20,16,10,10,14,17,19,11,11,14,18,3977.097708
18,15,12,16,10,17,19,20,12,15,19,15,17,18,15,15,13,17,19,10,4808.492126
19,20,17,13,15,12,16,20,20,10,13,13,17,11,19,13,11,11,19,13,9120.892231
17,16,16,10,11,10,20,20,16,14,18,14,14,10,19,15,18,17,13,11,4969.297517
16,11,17,17,15,16,10,15,12,11,15,11,16,18,11,13,13,16,12,13,2574.202068
17,12,10,13,10,14,15,14,12,14,10,20,20,14,10,15,11,11,14,16,3125.560018
12,13,11,20,12,19,20,18,19,13,11,16,18,19,16,15,10,20,17,11,3644.809387
11,15,17,19,20,10,12,10,14,18,19,13,17,14,18,15,15,15,14,17,4337.197504
17,12,16,14,14,18,11,16,13,10,19,13,11,15,10,11,17,15,20,15,3113.641052
17,18,13,17,11,13,19,20,16,15,15,14,15,17,18,15,17,10,10,14,6994.453533
13,16,14,17,14,20,13,13,10,11,14,20,12,15,15,19,19,16,13,11,5199.164876
13,19,14,18,18,10,19,17,13,16,17,17,10,10,13,13,17,16,13,14,7721.509022
18,19,16,19,10,12,12,18,20,19,13,17,16,18,11,20,14,19,17,10,8336.947544
16,10,12,20,18,10,14,13,18,12,19,17,13,11,14,17,17,13,20,17,2135.547075
15,12,10,17,14,11,17,15,10,12,12,16,14,13,12,14,16,11,14,19,2754.569655
16,12,19,15,17,13,16,15,14,18,18,16,17,20,18,19,17,11,20,11,3050.720063
11,17,11,13,11,12,17,16,20,12,12,11,14,20,20,14,12,13,18,10,5929.037817
14,20,12,13,17,19,10,11,19,19,11,18,15,18,17,20,15,12,12,16,9431.517797
10,13,10,13,19,15,15,20,14,16,11,16,10,19,15,17,10,20,19,14,3360.068579
13,18,16,17,10,12,13,10,12,10,14,17,11,16,17,18,11,16,15,11,6659.369746
18,12,14,11,15,14,16,14,15,18,18,17,19,15,19,14,13,18,20,19,3260.868654
20,20,10,13,19,13,16,14,19,14,16,12,14,19,20,19,14,11,13,13,9230.119241
13,14,10,20,16,13,17,13,10,16,13,12,14,10,16,17,20,10,12,16,3512.669908
11,16,14,14,12,10,15,17,16,20,13,12,18,19,11,16,16,10,18,16,5419.974299
14,15,19,20,10,12,20,17,14,10,20,17,12,16,18,18,16,12,10,14,4260.439475
13,12,11,11,10,20,18,13,12,16,15,10,18,16,19,16,11,13,19,11,2894.113312
13,14,12,18,11,16,10,16,11,14,13,13,17,17,17,17,18,20,15,15,3852.208617
20,19,18,20,12,11,14,11,14,10,14,17,20,18,19,16,17,12,16,16,8248.823535
19,11,14,20,10,18,10,17,20,18,20,20,15,18,19,18,20,19,17,12,2966.357497
16,10,14,11,12,14,18,10,16,13,16,19,17,17,13,15,12,10,18,20,2508.409534
10,15,10,10,10,16,16,16,10,17,13,10,13,14,10,19,18,19,10,12,4225.999403
15,16,19,14,16,15,14,17,10,13,10,19,15,17,20,13,17,20,19,19,5452.465367
11,14,16,15,13,10,10,19,15,20,10,10,14,18,13,19,14,20,11,15,3717.996711
14,19,14,19,16,17,17,19,15,14,16,10,10,14,11,13,20,12,14,19,8057.908971
14,17,11,14,16,12,11,12,12,19,13,18,14,19,20,14,18,10,19,13,6131.168193
13,10,14,10,14,11,16,11,11,17,12,17,19,18,18,13,11,10,10,12,2076.27965
13,18,17,18,13,12,18,20,17,20,18,20,12,17,13,17,10,17,17,11,7063.439025
17,11,12,17,12,11,16,12,13,11,13,16,10,15,13,13,18,14,13,14,2368.999195
13,20,10,18,20,12,19,18,10,15,14,20,14,11,16,18,12,12,20,13,8925.074162
13,11,20,19,18,19,17,14,10,20,14,18,12,19,11,13,18,10,20,12,2824.245427
12,17,20,16,20,17,18,12,14,14,18,11,19,10,18,20,15,16,18,17,5891.613195
13,16,16,12,10,14,13,11,15,19,13,17,18,12,11,17,18,19,13,14,5279.227694
10,18,10,19,11,19,13,20,12,11,10,14,13,14,16,17,15,10,11,17,6807.859329
15,16,10,16,10,12,16,11,13,19,12,10,10,19,17,11,19,14,10,14,5208.27965
12,17,10,12,17,17,12,16,16,17,19,10,11,18,19,12,15,19,17,17,6190.603313
17,12,13,20,11,18,11,17,11,17,10,19,15,15,20,13,11,17,17,18,3149.038779
12,19,19,14,11,12,17,10,18,17,12,20,17,15,11,13,13,11,15,17,8202.386045
10,10,15,16,14,17,17,18,14,11,15,18,15,12,20,11,17,18,14,10,1953.934465
15,19,14,12,11,12,16,15,15,17,19,13,10,14,16,17,20,14,19,13,7875.672067
19,16,18,10,18,16,11,15,15,11,11,15,17,16,10,18,13,13,10,14,5406.669327
18,16,11,20,16,12,14,13,15,15,16,11,10,14,10,12,19,19,19,18,5431.73987
15,12,18,16,17,19,11,20,17,18,11,13,10,10,19,12,20,11,20,13,2952.038808
16,16,18,20,18,18,20,13,15,20,13,20,20,17,15,18,14,12,19,11,5712.580728
20,12,13,12,13,14,14,16,14,12,18,14,15,19,11,10,10,17,14,12,3219.308487
11,15,15,19,15,13,19,10,16,17,14,20,11,19,17,19,16,20,19,12,4523.062005
20,11,10,10,16,13,16,15,16,19,20,20,12,19,20,15,10,16,20,15,2880.105644
14,11,17,18,11,19,15,20,20,14,14,15,14,18,11,19,12,16,17,15,2852.717863
13,11,19,13,20,13,19,17,20,20,14,10,18,12,18,15,12,19,11,11,2332.610735
15,12,10,20,17,18,16,12,13,10,10,13,12,10,13,15,14,18,14,11,2700.832775
12,12,17,11,11,15,10,19,16,20,15,12,11,14,13,15,11,11,11,16,2793.663618
17,17,15,15,14,18,15,20,10,11,18,15,13,12,10,11,13,10,11,17,6159.452343
20,11,15,16,16,13,15,14,17,10,17,18,15,20,12,14,20,17,11,11,2801.854729
10,20,14,10,20,14,13,11,20,20,11,12,15,12,16,19,16,15,18,15,9064.18507
11,13,10,15,15,15,11,17,16,17,12,13,12,14,12,11,17,20,12,11,3232.5634
15,10,15,17,10,19,18,14,10,14,19,12,17,13,15,15,10,15,11,10,2070.592445
14,16,12,10,13,14,11,11,13,16,15,11,10,12,18,16,15,11,15,11,4892.420285
15,13,19,20,17,20,20,10,13,10,13,13,18,12,17,20,10,14,19,17,3417.158662
18,11,14,19,11,14,17,13,13,19,17,17,16,16,12,13,12,10,13,18,2787.957821
16,17,10,12,17,19,13,17,18,11,19,19,11,19,13,18,16,17,10,17,6327.220045
16,13,14,15,10,19,17,12,11,13,10,11,19,12,16,18,18,18,17,17,3380.168222
17,15,16,20,20,20,18,15,15,17,12,20,11,18,11,11,10,17,19,14,5086.686739
20,16,10,17,20,19,11,10,18,15,10,14,18,18,15,20,19,13,10,20,5677.33321
18,14,19,11,15,20,12,14,18,16,10,12,10,11,17,20,17,19,13,15,3923.288144
19,13,19,17,13,19,16,16,10,12,10,16,11,13,20,20,10,17,18,17,3367.852316
10,19,18,16,11,13,18,14,13,20,18,17,13,17,14,19,20,15,12,12,7871.136476
18,17,20,16,20,17,12,14,17,14,13,13,19,16,10,10,20,16,13,16,6466.113021
10,20,14,11,13,15,13,17,20,20,18,18,19,11,12,18,17,16,17,20,9408.275103
14,11,10,19,15,10,15,15,10,11,16,16,12,17,10,13,11,11,14,13,2370.404615
20,12,16,17,18,14,15,18,13,15,12,16,14,12,19,19,16,20,11,20,2847.867139
18,19,16,14,17,17,11,11,10,10,16,15,13,19,19,13,16,11,19,17,8283.03872
19,15,15,18,20,10,11,13,12,11,11,20,13,16,17,15,16,16,15,18,4575.625169
19,18,20,15,17,20,20,12,15,12,11,11,14,15,15,20,11,10,20,16,7264.449924
12,20,10,11,10,16,14,18,15,16,12,11,15,17,10,14,19,10,19,18,9387.74289
17,16,13,16,18,10,20,10,18,12,20,10,17,16,18,20,15,19,11,11,4996.528342
20,14,16,11,12,10,18,10,14,16,17,19,20,13,20,16,11,15,13,20,4032.603842
19,19,15,18,14,19,19,16,17,19,15,17,10,13,18,10,14,15,10,13,8292.038931
20,17,18,20,16,16,11,15,11,16,11,15,14,14,10,16,17,20,14,11,6227.625189
16,12,18,18,11,15,18,12,14,20,15,14,17,13,11,20,19,19,14,17,3007.13804
13,16,15,20,14,16,20,12,18,10,17,19,12,13,12,10,13,15,12,18,5308.596238
13,20,11,19,15,16,17,16,15,20,13,11,18,16,19,15,10,20,16,18,9253.180873
10,11,10,15,20,14,11,17,17,13,16,15,16,18,16,12,20,20,16,20,2616.826057
18,13,19,10,11,11,12,19,15,17,12,12,19,12,20,13,11,15,12,10,3192.455412
12,11,15,16,17,15,10,14,20,11,11,20,15,13,12,12,20,15,11,19,2535.072595
14,19,19,18,17,19,17,20,18,12,14,19,11,18,20,13,15,17,20,11,8201.849255
15,18,13,15,13,13,12,16,11,11,18,14,15,20,16,19,20,14,15,16,6984.825608
15,12,16,14,13,12,16,11,14,18,13,20,20,18,12,18,13,12,19,14,3202.716658
18,17,17,19,18,16,15,20,20,17,20,20,15,13,16,11,19,16,16,15,6491.966866
12,19,19,16,12,16,11,11,10,10,10,17,18,11,16,17,16,16,12,10,7709.175631
19,10,10,10,18,15,17,14,16,16,12,16,17,17,20,16,20,14,15,13,2338.780055
16,10,12,12,13,18,17,12,14,14,19,13,13,11,13,10,13,19,16,11,2188.033274
16,13,17,20,17,11,20,10,10,13,10,19,10,17,14,16,15,15,13,18,3293.818343
18,14,15,15,18,17,10,19,13,17,20,10,20,14,15,16,13,11,18,17,4125.912621
19,14,19,15,11,13,19,13,11,19,10,18,14,10,10,17,20,12,15,12,3934.411841
11,10,13,20,11,15,20,18,15,17,17,10,19,20,15,19,13,16,13,14,2203.145121
12,15,13,17,13,19,10,19,16,19,13,12,10,17,10,11,15,13,15,12,4741.503933
13,11,12,11,19,19,11,15,12,15,12,16,11,10,20,15,20,20,14,11,2235.062969
15,15,14,16,19,20,17,17,15,16,20,17,18,19,16,17,10,18,15,12,4894.055133
19,11,13,15,20,14,13,15,17,16,17,15,13,17,11,12,12,14,17,16,2881.206058
16,20,10,12,18,11,20,12,16,11,15,13,11,16,19,10,10,16,11,16,9021.916452
20,16,14,19,12,18,11,20,10,15,17,17,12,18,17,12,18,12,19,16,5680.92705
20,13,10,10,14,10,18,19,11,13,19,12,13,17,18,10,14,20,13,15,3369.634795
14,10,19,19,19,14,18,20,14,10,14,16,14,19,17,18,11,10,18,11,2089.586111
11,13,16,20,10,18,14,16,10,12,16,15,12,16,16,20,10,11,16,18,3278.305706
15,17,13,19,12,19,14,19,19,10,20,12,17,13,17,11,11,16,18,15,6264.997064
13,12,11,18,10,14,17,14,13,16,10,12,14,20,17,16,11,16,15,19,2945.708511
11,18,11,10,16,19,12,17,16,16,10,16,19,14,20,12,20,20,17,11,7079.503302
19,19,12,15,18,10,18,12,14,16,19,19,19,12,13,18,16,17,15,19,8185.275768
17,20,13,18,15,16,15,12,14,19,10,10,20,18,18,18,15,11,19,10,9292.453752
17,17,10,10,14,11,17,14,11,10,16,15,10,19,17,18,13,17,10,10,5799.569645
18,16,11,13,14,11,16,17,16,14,11,14,19,14,10,16,16,13,17,17,5427.516418
14,16,15,19,11,12,12,15,10,11,18,12,13,11,11,14,13,13,13,12,4918.371583
14,19,13,16,16,18,12,10,13,18,10,17,10,14,10,10,12,19,16,19,8254.496245
19,12,15,16,15,11,10,10,18,20,17,11,13,13,14,19,11,18,18,15,2972.459089
16,13,17,15,12,15,11,14,11,20,16,15,17,15,11,14,18,20,12,11,3439.376509
17,15,12,10,12,10,15,14,13,17,12,16,13,20,18,18,18,15,15,12,4532.217745
20,15,16,20,15,10,13,12,10,17,11,13,19,10,19,15,20,12,16,18,4498.155719
20,16,11,13,18,20,16,18,14,20,12,20,13,10,14,16,18,16,16,14,5608.77885
13,16,16,16,14,18,10,20,16,20,11,15,14,14,12,17,19,12,19,10,5379.573612
14,18,15,20,18,16,18,17,13,20,20,19,11,19,15,10,20,20,14,13,7248.395175
17,15,19,14,15,13,15,11,16,10,11,10,17,20,10,10,15,15,10,12,4675.453742
10,13,11,13,13,16,11,16,19,11,13,16,12,14,14,14,17,10,11,15,3182.876303
16,19,13,11,18,14,11,14,14,12,10,18,11,20,19,15,10,11,17,13,8062.24916
20,14,13,14,12,13,12,18,10,12,15,20,17,14,13,19,15,11,16,11,3972.805124
18,19,13,17,10,15,12,19,10,20,16,14,18,16,11,19,11,11,15,15,8210.261103
11,11,17,19,10,12,14,14,14,13,17,13,12,14,13,11,11,16,17,10,2270.036579
13,14,20,13,20,19,19,11,13,18,16,11,12,13,13,13,16,16,14,19,4002.273691
12,16,12,11,15,11,10,16,11,13,17,15,12,13,14,18,14,14,11,10,4785.936557
17,17,19,13,14,14,18,14,13,19,14,15,16,17,20,17,16,11,15,20,6212.476796
17,10,20,13,17,10,16,12,19,12,17,10,14,11,10,18,18,11,20,16,2110.583773
13,19,18,13,13,18,17,16,15,16,15,13,10,12,14,11,15,14,11,19,7996.028415
16,12,19,12,12,16,18,19,13,13,10,11,19,11,16,15,13,12,13,20,2819.658096
10,14,12,16,12,16,12,16,17,14,10,12,11,12,13,14,20,19,15,15,3732.028138
13,11,18,13,19,19,11,16,14,18,11,13,20,17,11,16,18,16,18,15,2823.862131
11,13,12,12,14,19,18,15,15,11,14,10,10,11,12,14,10,18,11,13,3102.974811
20,14,19,10,13,11,12,13,12,14,18,10,20,14,18,11,19,20,10,10,3819.357664
10,18,11,17,17,13,13,15,18,17,14,16,10,16,16,12,13,20,19,19,7084.254053
20,18,17,14,10,16,14,19,10,17,12,11,13,14,18,13,14,14,18,19,7207.268126
12,15,10,11,19,16,15,17,19,11,15,18,11,18,19,20,10,14,13,20,4470.195378
17,13,19,12,11,10,13,19,18,20,19,18,16,20,18,16,15,12,11,18,3646.446611
19,12,20,16,20,15,20,16,15,10,20,18,19,16,13,18,16,16,11,20,3171.232166
14,19,14,18,14,17,11,17,19,17,11,10,12,12,10,19,12,20,19,16,8113.903719
18,14,10,11,16,17,12,15,12,10,10,16,16,12,15,14,14,11,15,13,3918.663513
11,19,16,18,11,11,17,11,20,18,19,17,15,15,15,13,14,15,17,17,8128.074925
15,19,16,14,16,11,13,12,14,20,10,15,18,12,19,20,14,18,13,15,7796.003114
13,14,13,16,19,10,13,19,20,13,13,10,16,10,19,17,19,20,15,20,3609.045996
13,16,18,12,14,12,15,15,12,13,11,20,15,19,11,10,16,14,18,14,5459.735532
10,12,16,20,19,19,15,19,11,14,16,13,19,16,10,15,19,11,12,17,3018.505356
18,19,17,12,10,11,13,13,18,14,11,20,10,20,14,11,10,18,13,17,8300.167163
11,16,11,10,16,19,12,10,17,20,15,11,20,11,17,11,15,12,18,17,5447.809795
20,11,16,20,18,10,15,16,17,15,11,20,14,18,10,13,18,18,18,11,2862.902631
10,11,16,10,11,17,16,18,16,18,14,18,13,20,18,18,15,15,19,16,2695.468038
16,20,10,17,18,13,12,11,11,12,11,20,18,16,15,11,12,11,18,14,9330.34672
19,17,19,15,20,15,19,20,10,15,15,14,15,15,15,12,15,16,10,15,6151.622586
12,16,13,18,18,15,11,15,14,17,19,11,15,16,14,16,13,16,20,17,5323.961256
12,15,18,20,16,10,20,16,17,17,12,14,17,13,15,19,13,10,20,17,4478.7752
10,20,10,20,10,15,12,11,17,17,16,20,17,18,17,18,10,15,16,20,9378.203965
12,15,19,18,16,11,10,16,13,19,14,14,11,19,18,12,14,18,12,15,4453.256772
15,15,18,13,20,12,18,18,18,16,18,17,18,10,10,10,20,19,20,18,4785.545052
17,16,14,13,11,16,18,13,18,12,20,20,19,13,12,20,10,18,18,11,5442.486188
19,10,14,18,13,12,17,16,15,19,15,14,12,17,20,11,10,12,15,11,2266.501234
12,11,10,14,16,19,18,20,12,18,18,15,15,18,15,13,14,14,19,11,2688.682959
14,12,17,16,11,16,19,13,16,13,15,15,14,17,16,20,19,20,19,14,2932.861359
14,18,11,14,17,15,20,15,10,16,19,14,17,11,11,13,16,16,14,13,6916.444878
14,15,13,16,17,14,10,14,14,10,15,16,18,12,19,13,11,16,19,14,4435.134404
13,16,16,19,14,17,18,12,18,13,10,20,20,20,14,14,20,11,18,18,5800.97877
10,15,16,18,17,16,15,11,16,17,13,14,14,17,18,13,18,10,18,20,4715.647748
16,12,13,10,15,13,15,15,10,17,10,13,17,19,18,12,13,20,11,20,2986.317551
18,13,17,20,13,20,11,17,17,15,11,18,17,13,16,19,13,14,19,15,3708.410941
14,15,16,18,15,16,19,16,13,10,15,15,16,12,11,13,13,19,12,19,4524.1982
16,15,14,13,14,17,12,19,15,12,14,16,17,10,17,10,12,16,15,19,4657.507819
16,14,20,18,15,13,14,16,10,10,11,20,14,18,16,11,13,15,20,16,4125.150293
11,19,19,19,18,17,19,15,20,20,10,10,13,16,14,12,17,15,10,12,8103.147459
13,11,15,14,18,13,20,20,12,15,12,14,12,13,18,10,18,12,13,13,2276.971345
20,12,17,19,17,10,10,19,13,19,14,13,17,17,10,14,12,16,12,13,3084.414298
20,13,17,16,16,10,14,11,14,11,14,10,18,11,11,19,11,12,14,16,3265.072205
19,18,11,10,17,11,12,15,12,12,17,20,10,10,11,13,11,13,13,11,6825.410176
20,20,14,12,13,17,14,17,20,12,14,18,14,16,20,15,20,18,17,16,9511.509505
11,17,13,20,13,18,17,19,12,11,20,11,18,14,19,13,10,13,10,11,5832.573782
18,12,18,20,11,12,19,19,15,11,19,10,13,15,17,10,18,18,15,14,2871.09669
16,19,11,13,16,17,11,17,20,16,17,10,10,18,11,13,15,11,12,11,8204.712273
15,20,10,13,17,20,14,12,13,20,15,15,11,10,12,14,11,16,11,10,9179.637987
20,20,14,12,20,14,18,20,19,19,12,10,19,14,20,13,17,13,14,17,9386.313367
17,17,10,15,14,18,10,14,11,15,19,20,17,16,13,14,17,20,19,18,6536.287257
11,17,20,20,14,15,15,20,10,12,14,20,14,12,13,20,16,20,13,12,5817.909309
14,10,13,15,12,20,19,19,11,14,10,15,18,11,20,10,12,11,17,13,2238.311104
19,16,19,16,13,13,14,19,17,20,12,10,14,12,13,17,17,18,15,17,5394.49072
11,12,12,11,12,11,17,12,14,16,10,14,19,20,14,19,19,19,17,15,2910.076534
10,18,12,16,15,17,15,10,14,11,17,15,19,11,10,19,19,14,14,20,6976.143774
20,14,17,20,11,15,12,15,10,15,11,19,11,13,17,14,18,11,10,16,3905.951426
16,20,18,19,18,19,18,14,15,17,14,19,15,12,14,18,18,19,20,11,9359.885069
19,13,16,14,15,20,17,16,12,13,11,16,10,17,16,12,12,10,12,13,3589.723907
11,12,12,19,15,14,18,17,20,16,20,11,12,16,11,15,19,19,13,18,2919.033382
12,17,15,17,10,13,10,13,19,12,10,16,12,13,10,20,19,15,12,16,5888.033992
19,10,11,14,12,17,18,20,12,18,14,17,18,13,13,10,17,19,18,18,2603.593559
17,10,12,19,18,11,18,12,13,15,12,20,10,15,14,12,18,13,17,16,2216.657333
17,13,12,11,11,18,13,18,13,19,11,17,18,19,18,16,10,14,13,18,3743.553624
19,11,16,20,20,16,19,10,19,20,14,13,18,17,20,12,16,12,13,14,2894.875144
15,12,18,10,12,11,13,16,13,16,10,11,15,18,12,13,10,14,12,10,2810.176707
17,20,11,16,14,15,11,12,13,16,15,11,16,15,14,13,18,12,16,17,9292.454152
20,11,17,15,16,12,11,19,18,13,13,19,19,18,13,20,12,18,15,18,2868.961296
13,11,17,16,16,13,12,12,16,18,13,10,13,17,17,10,13,13,20,19,2667.693389
17,20,13,15,12,17,14,13,12,12,10,14,15,11,11,17,16,10,15,11,9121.797302
17,11,18,13,18,20,18,12,12,14,12,16,18,20,16,16,14,13,14,16,2916.657333
16,17,15,13,10,12,13,13,10,17,20,14,10,14,20,20,18,19,16,14,5747.068028
10,19,20,20,10,10,11,10,13,14,17,18,14,14,16,18,15,13,20,10,7699.876244
19,14,18,19,11,20,14,10,11,13,15,17,14,13,19,18,15,20,11,17,4010.819029
11,19,20,10,17,15,17,15,17,19,14,10,13,15,11,16,20,17,13,16,7986.656243
20,18,11,15,13,17,11,15,12,14,16,15,18,10,20,11,13,17,10,19,7099.458916
14,13,13,12,20,17,20,18,12,18,11,11,16,10,13,17,10,13,17,17,3328.766127
19,18,12,20,19,13,15,14,16,15,15,10,16,14,10,14,15,14,12,11,7057.244514
10,11,12,14,20,17,19,16,18,10,20,10,19,18,20,16,16,13,10,18,2373.731148
13,20,14,17,16,19,12,19,13,13,18,14,16,10,15,17,20,19,15,14,9071.667088
20,17,12,12,15,13,10,16,18,10,11,13,14,13,10,14,10,13,15,18,6203.366117
18,18,19,17,18,19,19,13,18,15,11,16,12,18,13,13,18,16,12,10,7347.909513
15,13,17,12,20,20,13,17,15,18,18,20,15,16,15,17,18,13,19,14,3762.475952
12,15,13,18,19,19,10,18,16,18,11,20,13,15,12,19,16,16,10,16,4662.069594
13,12,20,17,18,14,18,18,15,19,17,12,13,17,15,12,13,14,20,10,2930.72185
20,12,13,18,17,10,10,16,15,20,19,10,11,11,15,17,13,15,10,10,2694.984553
12,13,13,17,13,18,17,13,12,20,19,14,17,18,13,18,11,14,17,13,3538.912607
16,16,12,12,10,20,17,11,11,17,19,18,11,20,11,16,17,19,14,19,5707.030484
16,15,14,11,13,16,13,10,13,15,15,15,13,19,20,20,20,16,17,14,4566.333934
13,14,10,15,18,14,15,18,19,15,13,18,20,19,18,17,16,17,16,14,4124.992796
10,10,16,14,14,16,10,18,14,18,20,19,12,16,17,15,14,20,11,19,2136.111173
17,12,19,15,13,12,15,10,19,18,15,19,18,20,12,17,15,15,14,19,3408.573333
19,11,17,18,20,11,20,20,14,11,15,17,14,17,19,14,15,17,20,20,2744.210453
18,14,20,19,10,16,13,17,14,15,18,18,20,18,14,13,11,10,17,13,4368.054797
11,18,20,10,17,16,16,16,16,14,14,19,11,11,14,13,11,15,20,15,6955.082437
12,12,11,14,18,16,12,15,13,18,16,11,15,20,11,19,20,14,18,20,3161.191026
11,20,10,18,13,16,17,14,18,19,19,14,12,14,19,17,17,17,19,12,9074.999205
10,10,15,10,16,10,12,11,13,16,17,16,16,14,13,14,15,20,14,15,1966.72274
14,20,17,12,10,15,14,16,10,10,11,17,15,11,10,11,14,14,19,15,9165.296304
14,16,11,14,15,11,15,14,20,15,16,12,17,15,14,15,14,17,17,11,5212.79292
19,12,10,13,15,11,11,20,15,15,14,15,11,20,14,11,19,10,12,11,3041.106463
15,20,17,19,19,12,14,20,19,10,20,15,13,19,14,18,10,18,16,18,9275.211037
12,11,15,11,16,19,14,11,20,16,10,18,20,18,19,18,17,12,12,16,2774.072205
11,15,10,10,11,16,11,19,20,13,19,16,13,19,19,20,17,14,16,20,4586.990803
19,10,18,16,17,20,17,18,20,20,16,12,19,16,16,18,20,15,11,20,2661.383735
16,10,13,16,14,19,20,10,19,18,17,11,18,14,10,16,10,13,12,10,2412.540227
12,19,10,17,14,19,20,10,17,15,14,17,20,16,17,16,13,10,16,11,8213.576039
12,11,15,16,17,20,11,17,16,19,20,19,12,16,16,17,15,14,12,15,2656.029376
14,20,15,20,20,19,16,15,18,19,14,16,10,15,13,10,17,10,17,16,9522.050374
10,18,19,15,14,11,14,13,12,16,12,17,20,15,15,20,18,16,18,10,6794.5806
20,16,17,15,17,17,12,18,15,10,11,18,11,19,14,13,14,13,15,13,5579.800457
10,13,10,15,16,10,18,14,19,17,19,11,10,19,17,12,11,11,20,17,3404.198285
17,16,18,16,11,12,19,20,17,20,16,15,12,11,19,15,18,15,16,13,5195.647842
17,14,10,13,13,14,10,13,16,17,11,16,14,10,20,15,19,19,12,10,3715.49777
11,14,14,17,20,18,10,20,15,10,16,17,19,10,15,16,17,20,13,18,3843.945468
19,18,11,18,17,11,18,13,13,15,16,15,16,17,14,19,10,20,11,11,6972.188714
19,19,15,20,14,16,12,15,19,18,11,18,11,16,20,17,12,15,11,15,8179.592301
18,13,20,12,18,12,20,13,19,13,13,15,17,14,13,16,10,11,19,17,3568.117311
10,16,16,15,19,19,16,20,10,17,20,12,12,19,20,17,15,14,13,12,5144.382418
19,10,16,12,19,15,19,11,13,14,13,12,18,18,17,18,20,20,10,13,2220.711472
18,19,18,13,15,13,18,10,17,19,19,12,10,11,15,20,10,12,16,12,7892.603842
19,12,20,16,15,12,18,15,16,20,12,15,10,15,13,20,16,15,11,18,2948.035767
16,15,10,14,19,14,15,13,14,12,15,18,19,13,17,11,17,20,13,10,4543.516564
11,13,12,18,13,15,11,14,14,15,17,11,19,14,10,16,17,18,20,14,3362.669317
10,18,11,11,20,13,13,16,18,13,16,11,11,18,11,18,10,12,15,14,6874.099045
13,10,12,14,14,17,13,14,20,11,12,11,19,13,10,14,15,20,11,13,2145.785891
20,17,11,13,11,13,17,16,18,12,17,18,19,18,11,13,14,19,15,17,6544.767527
19,16,17,10,16,19,18,16,20,19,18,20,19,10,11,20,20,14,12,14,5707.686908
14,10,18,12,16,20,19,11,19,12,13,16,12,13,19,17,16,12,19,20,2326.824173
19,12,19,16,17,13,11,15,14,12,13,11,19,15,19,18,18,12,10,12,2716.502176
17,11,16,17,16,15,12,12,11,13,18,16,12,19,20,10,15,11,12,15,2614.273231
14,11,15,18,17,15,13,11,14,19,19,10,12,14,12,13,16,13,11,20,2507.080607
19,17,10,17,19,10,15,15,17,11,20,18,16,18,12,10,20,16,15,12,6346.616291
18,14,18,15,14,16,13,20,14,15,13,20,16,16,18,12,15,15,19,12,4221.044236
13,13,13,18,17,11,17,11,12,11,17,11,15,20,16,12,13,13,20,17,3416.883397
13,10,17,18,14,19,11,13,16,10,17,12,11,16,17,15,17,11,18,12,2129.990744
13,14,10,12,15,13,17,18,13,15,17,18,11,11,19,13,19,16,15,10,3569.05723
12,13,15,17,11,12,14,14,14,19,18,19,17,10,12,13,18,13,15,17,3389.28868
20,15,11,14,20,18,16,12,16,15,14,10,13,11,17,16,20,17,15,16,4641.496708
12,14,14,17,14,16,15,16,10,13,13,11,19,12,13,14,12,14,11,19,3752.38582
13,15,13,13,16,16,10,16,18,13,11,16,16,19,11,12,13,20,13,20,4844.920704
11,12,10,18,11,12,11,19,20,16,19,18,15,12,13,20,18,20,13,19,2796.913141
10,12,14,20,13,19,20,13,15,20,18,17,16,10,17,12,17,16,11,19,2985.000552
13,10,18,11,18,11,20,15,18,18,20,15,14,12,18,18,14,17,12,10,1869.981794
14,12,18,18,19,19,10,10,11,15,20,10,17,18,14,15,10,13,17,13,3054.129833
19,11,12,20,13,15,12,11,12,13,18,13,10,19,12,11,12,19,14,15,2736.667742
19,10,20,16,20,16,14,16,12,14,20,20,19,14,16,13,13,17,19,18,2615.801265
10,12,16,10,11,12,17,13,15,12,19,12,15,11,17,20,13,20,18,14,2439.414788
13,13,12,13,12,19,20,12,17,10,17,13,12,13,12,13,14,20,20,16,3483.331715
16,15,17,10,18,18,13,16,10,10,19,17,13,16,17,18,16,16,15,15,4547.683782
12,19,16,15,15,16,17,17,12,10,17,18,14,15,15,16,13,12,14,12,7860.769958
15,13,16,12,11,20,13,15,15,20,13,14,16,20,15,12,10,16,12,20,3887.014612
11,18,10,11,16,12,16,10,10,16,15,11,14,17,12,13,13,12,13,11,6758.296491
16,10,16,17,15,15,18,18,14,13,17,10,13,11,16,18,12,12,20,19,2088.595944
13,20,16,15,13,11,15,19,20,19,16,13,18,20,13,13,20,18,14,14,9441.024649
17,17,11,17,16,13,16,10,13,18,20,15,18,12,19,16,17,16,20,15,6113.54516
14,17,11,10,11,11,10,15,10,13,13,20,19,11,12,20,19,19,10,10,5787.98957
12,10,13,17,14,13,12,16,17,18,18,10,14,10,10,19,18,14,14,12,1931.396048
15,14,10,14,15,14,11,12,20,16,13,10,18,11,13,17,10,14,11,12,3760.641013
14,17,20,13,18,11,10,11,20,19,19,14,20,15,20,16,10,20,17,19,6206.177726
19,13,15,20,18,15,11,14,15,11,17,13,16,18,15,11,11,13,15,12,3580.669317
16,11,19,10,11,19,17,11,13,18,11,20,12,15,10,12,15,19,12,12,2735.574515
12,20,17,13,14,17,15,16,12,16,16,14,17,18,10,15,18,11,11,20,9360.395223
14,14,12,15,14,20,19,17,20,17,10,18,20,16,12,17,17,17,20,16,4493.577122
15,19,13,16,18,18,19,15,16,17,19,11,11,11,19,17,20,19,14,20,7983.647048
10,17,18,16,12,15,11,12,14,12,20,11,15,14,15,13,10,18,15,20,5958.712557
14,12,12,14,12,11,12,17,10,13,17,18,12,14,13,14,19,19,14,10,2628.491565
15,12,15,18,18,15,15,12,18,13,11,20,15,10,14,16,10,14,12,20,2919.043074
14,15,17,12,15,15,20,17,14,20,19,18,14,17,11,20,18,20,13,16,4719.083302
10,10,11,14,10,16,18,18,16,19,15,16,11,20,15,19,12,20,14,14,2214.851154
16,10,17,13,10,10,10,16,13,13,16,19,19,14,12,19,19,15,10,14,2079.401929
11,14,19,17,12,14,10,15,13,16,14,20,19,12,14,12,15,20,19,17,4036.216056
10,11,18,13,17,13,19,19,12,14,15,20,15,19,16,15,19,20,14,17,2522.799215
16,18,17,15,13,15,15,20,10,20,11,16,19,10,12,13,14,18,11,11,6977.674937
15,19,16,15,12,20,20,20,14,11,19,11,20,17,18,10,13,19,12,10,8201.872209
12,18,20,11,11,11,10,12,12,16,16,14,15,17,14,13,15,14,12,13,6844.462364
14,12,10,14,17,17,10,12,19,16,18,20,11,15,18,11,10,14,14,15,3051.500957
14,10,13,12,14,10,17,20,14,14,15,15,19,15,17,17,14,16,17,10,1945.474754
20,19,12,17,17,20,15,14,20,20,19,12,12,18,17,11,19,14,10,20,8652.13324
16,11,12,16,14,10,19,10,11,19,12,17,17,18,19,19,16,10,18,17,2539.945358
19,14,11,10,20,16,17,19,18,10,11,20,14,18,10,20,20,19,20,15,4300.79627
20,20,10,19,13,19,16,13,17,10,18,14,15,17,14,17,12,11,15,15,9508.677434
20,18,17,10,17,16,18,16,10,19,13,16,16,15,11,16,20,11,16,11,7228.022816
19,15,10,13,10,17,15,20,13,19,10,18,20,17,14,20,20,12,10,15,4878.925163
12,13,17,17,18,19,20,14,20,13,10,10,13,20,15,16,14,10,19,12,3576.486225
10,15,15,16,11,15,13,15,16,14,15,18,12,13,18,15,17,18,15,16,4377.551528
15,10,13,17,12,12,14,19,11,11,19,16,10,11,18,13,20,14,19,13,1908.275574
11,17,15,14,12,14,13,18,19,14,20,10,18,10,20,20,12,20,20,14,5758.939379
20,19,12,10,19,13,14,18,13,12,14,16,17,19,13,12,14,16,11,20,8372.692906
14,14,15,20,15,15,12,17,18,18,14,14,19,15,19,14,15,16,11,19,4012.240645
20,13,19,18,19,10,18,17,19,12,11,13,16,13,16,12,11,15,20,17,3526.033382
20,15,20,20,17,14,10,15,19,13,13,12,17,12,18,15,17,20,10,11,4500.791231
15,13,17,18,11,10,17,19,14,17,20,11,17,11,19,17,18,13,20,13,3097.153624
19,15,17,14,16,11,11,12,12,19,18,18,12,11,11,19,12,10,17,20,4633.168193
13,10,10,17,14,16,18,10,13,12,18,17,13,11,10,13,19,15,12,20,2126.131023
14,15,18,10,10,19,18,10,17,17,16,11,18,17,10,14,19,18,11,19,4857.195119
15,13,12,11,14,17,17,14,10,18,15,20,17,11,10,20,12,18,10,15,3364.780055
19,15,12,12,20,13,13,10,17,16,17,18,12,14,20,20,19,17,10,12,4402.153218
12,13,20,17,20,13,13,16,15,19,10,11,10,16,20,13,16,19,10,16,3158.785495
20,18,10,20,11,17,12,13,12,10,10,16,13,17,10,14,14,13,15,20,7374.444729
19,15,11,17,17,14,20,17,15,10,20,15,16,13,12,10,11,10,14,17,4719.014651
18,12,18,18,13,16,12,20,15,17,20,14,10,14,19,14,14,10,12,12,2874.144688
12,12,14,20,16,15,17,17,19,19,20,11,11,18,13,12,19,20,14,14,3040.281285
14,10,14,12,16,18,13,14,17,12,15,19,10,15,17,18,18,10,13,20,2184.050414
14,13,18,17,13,12,20,16,13,13,16,18,11,12,15,16,10,20,12,10,3037.940236
18,16,13,14,17,13,17,11,13,10,16,10,18,18,19,14,15,10,12,17,5236.919209
18,19,11,14,17,13,20,15,11,15,17,18,18,10,20,17,16,18,16,16,7957.981794
20,14,14,18,18,20,19,13,19,20,18,17,15,12,13,18,14,14,10,16,4351.188024
19,16,20,12,11,18,15,19,17,13,13,18,15,12,15,20,11,11,12,10,5327.355489
17,20,13,17,15,10,10,13,10,12,15,16,14,16,20,11,14,14,14,14,9050.568621
18,14,14,17,17,11,17,20,17,18,11,19,20,13,17,10,14,18,12,16,4129.059665
14,13,18,14,15,19,12,13,14,16,12,10,19,13,12,10,16,19,15,16,3536.824717
20,11,20,18,10,13,10,13,16,11,10,15,13,17,10,17,17,13,16,18,2763.803871
20,16,18,11,16,20,18,16,10,16,15,16,16,18,14,12,10,19,19,13,5782.846178
15,18,16,13,15,19,14,20,12,11,14,12,10,18,19,20,20,18,10,13,6853.711448
20,17,10,13,14,10,20,20,15,19,12,12,13,16,19,20,12,16,10,18,6000.961609
11,16,11,17,11,20,11,15,14,10,15,19,12,14,12,19,10,16,13,13,5190.712253
10,12,12,13,16,10,20,12,16,12,14,19,11,17,16,16,20,19,11,15,2623.817317
10,18,19,13,18,15,11,11,18,17,17,15,12,11,18,11,18,16,13,20,6910.961217
14,18,19,19,19,13,16,20,13,19,18,16,14,18,18,18,12,20,16,12,6960.304756
10,10,17,13,18,11,17,19,15,19,10,14,10,13,17,13,18,17,14,15,1865.021063
13,18,10,18,18,17,12,20,11,13,11,20,19,14,14,15,13,17,14,12,7035.556157
19,15,13,19,14,12,11,20,12,20,19,20,10,16,10,12,16,12,11,17,4728.45423
13,15,18,10,19,10,11,18,13,10,19,20,18,12,11,14,16,18,17,14,4435.399066
12,18,12,20,15,13,17,12,17,16,15,15,19,19,12,11,10,13,15,18,7282.533685
19,12,20,20,14,16,15,10,12,12,11,17,11,10,15,18,16,12,11,11,2731.956913
14,19,10,19,19,15,17,20,19,16,10,18,17,14,20,19,16,20,17,12,7975.834873
15,10,17,17,16,11,11,10,18,14,13,15,18,12,15,15,11,15,19,12,2093.362482
12,19,12,14,14,12,19,16,13,10,14,19,11,12,12,16,15,18,15,14,7733.637655
12,19,11,18,13,11,15,19,18,13,15,11,20,18,20,11,20,11,16,18,8078.775646
16,18,10,10,12,11,17,15,12,11,10,10,10,15,20,11,10,12,14,15,6700.505892
18,16,11,20,19,11,10,13,20,10,15,10,12,17,10,11,18,18,17,10,5301.326616
17,15,14,12,14,20,18,10,17,17,18,10,10,16,11,16,16,15,18,17,4923.131023
11,19,20,11,13,11,10,18,10,17,15,13,12,13,16,13,14,13,15,18,7735.047954
11,12,11,14,20,11,13,11,12,11,19,19,17,14,10,19,12,16,19,18,2867.246879
19,14,16,17,16,10,16,10,11,12,14,11,12,20,20,19,11,11,13,18,3807.833073
17,15,11,18,11,19,11,19,10,12,20,16,19,10,11,18,19,10,18,11,4634.456175
18,18,20,17,17,15,16,12,10,16,17,17,12,11,20,14,15,18,17,13,6904.832775
12,14,14,13,13,18,12,16,16,12,14,12,15,16,18,18,13,13,13,13,3758.255167
12,11,20,10,16,15,10,12,17,17,17,12,19,11,20,13,13,18,12,17,2361.432856
11,20,10,10,16,18,10,19,18,16,12,13,13,20,12,11,11,20,16,10,9385.288641
17,13,17,19,10,10,13,12,10,20,16,11,18,20,11,15,20,10,12,17,3533.953962
11,10,11,11,11,11,17,20,11,20,10,19,18,12,14,10,17,11,11,13,1999.77207
18,12,12,11,12,14,16,10,15,15,12,20,19,17,13,19,12,15,10,16,3122.234682
17,14,18,18,20,14,11,16,18,19,17,12,20,15,12,18,19,18,13,10,4041.162115
20,13,19,12,16,19,15,10,13,20,18,17,14,17,12,15,14,19,16,12,3856.364852
12,17,15,20,20,19,11,13,20,18,11,19,17,14,10,18,18,10,17,16,6471.369051
17,20,18,14,13,10,15,10,14,20,12,10,17,14,11,10,15,17,11,18,9213.961648
10,19,18,10,17,17,19,17,17,20,18,10,11,11,18,12,14,20,17,18,7999.49946
15,13,15,10,16,10,17,12,12,11,19,16,12,18,12,16,17,17,17,13,3276.213929
18,10,20,12,16,12,13,13,17,13,17,20,20,19,18,17,13,11,20,19,2619.174278
14,15,15,14,14,12,16,11,17,11,16,20,15,17,14,12,17,19,18,17,4718.973548
14,13,11,17,14,15,19,12,11,11,14,20,11,20,11,14,11,12,18,15,3561.252561
18,16,17,20,12,17,10,10,18,20,20,19,13,20,20,20,17,16,15,13,5618.735313
15,11,11,15,13,17,10,19,10,14,18,12,11,13,10,19,16,14,11,12,2312.074373
17,13,18,10,16,13,13,10,13,11,13,13,19,14,11,17,20,14,15,16,3382.904374
14,12,14,14,18,20,13,15,15,10,10,19,14,10,14,18,16,17,20,11,2890.590121
20,13,20,20,10,11,15,18,11,18,14,10,13,16,17,16,18,19,12,11,3279.311037
16,20,11,16,14,12,16,19,12,20,19,12,16,12,17,10,16,13,10,18,9078.940611
17,19,13,14,14,10,20,19,17,17,10,12,13,17,17,12,14,10,15,10,8020.792546
11,20,19,19,10,12,13,18,10,20,11,13,15,10,16,13,15,16,14,17,8890.731082
18,13,12,13,20,16,18,17,12,14,15,12,15,15,12,11,17,15,20,16,3611.79645
14,18,16,12,19,19,12,17,20,14,10,19,16,11,14,13,16,16,11,17,7165.740234
20,10,20,10,17,12,18,12,12,10,11,11,17,14,14,15,11,20,19,13,2147.939701
18,15,10,11,15,11,20,19,14,16,18,14,13,11,12,11,18,20,19,10,4509.909193
12,17,12,18,17,10,16,19,12,10,19,13,19,12,20,14,15,16,17,13,5703.280536
18,12,20,16,18,10,16,18,10,16,20,14,12,20,12,15,20,13,12,17,3010.48692
16,19,16,20,19,13,13,17,13,18,17,19,11,12,13,12,17,11,10,19,8018.292727
16,16,15,10,14,11,16,16,17,11,15,19,17,11,17,16,17,17,20,14,5189.422757
18,17,19,18,10,15,15,19,19,11,18,18,10,10,10,16,15,16,16,13,6116.523545
16,20,19,16,10,19,14,10,11,11,19,13,15,20,11,18,10,20,19,12,9472.274998
15,11,19,15,20,18,10,20,10,13,20,15,20,14,20,20,15,20,13,16,2408.945468
13,14,16,14,12,18,15,16,15,13,13,11,13,14,17,20,10,17,11,13,3662.906635
20,11,14,13,18,13,19,13,11,16,17,11,10,17,19,14,19,15,11,11,2424.847704
17,20,17,16,16,15,18,12,16,12,17,11,14,19,18,13,15,17,10,12,9194.738852
11,19,15,16,10,17,16,10,20,18,20,18,13,13,10,12,15,20,19,19,8372.489891
11,16,19,13,16,19,18,10,14,13,13,17,15,17,10,18,20,16,17,15,5461.914321
12,15,11,13,15,11,11,13,19,10,20,17,20,19,19,14,10,15,16,11,4516.300703
15,18,20,13,13,12,19,16,16,17,13,15,11,20,11,16,15,13,18,10,7132.238369
16,14,15,14,15,15,15,12,13,11,19,16,17,17,13,18,20,17,18,14,4055.492344
16,19,18,16,14,13,11,14,12,12,17,18,13,13,16,15,15,10,19,17,7999.446723
11,15,20,20,16,12,16,14,15,16,15,12,17,12,19,17,16,12,10,12,4126.144877
15,16,10,13,11,18,15,13,16,16,12,20,16,15,20,13,18,11,11,11,5391.453762
19,20,19,18,16,17,15,10,10,13,13,10,12,14,15,13,20,15,17,18,9314.865263
14,12,11,12,17,13,14,13,17,10,17,15,16,12,10,11,18,16,12,19,2863.628595
10,18,12,13,10,16,11,10,17,14,15,13,11,17,17,12,20,17,10,18,6910.494679
16,13,10,12,16,15,17,12,18,19,15,13,18,13,19,13,17,20,19,11,3455.088272
20,20,20,16,12,17,16,17,14,16,20,16,11,13,11,19,16,17,20,12,9390.607673
16,12,18,12,12,12,12,19,19,11,18,16,10,17,10,11,19,11,13,19,3008.268551
14,17,12,16,15,17,11,11,15,19,17,18,11,11,15,15,20,17,20,15,6163.688998
10,10,10,20,12,10,20,12,16,17,12,10,19,11,16,12,18,18,15,11,1857.667783
11,12,11,12,10,11,13,16,11,11,14,10,20,13,14,18,13,12,10,16,2449.642079
19,16,18,10,18,11,18,16,15,16,16,15,19,18,15,15,18,10,16,10,5436.689196
15,15,19,16,18,20,13,10,13,14,11,15,16,20,11,20,20,19,11,19,4907.60056
18,10,12,16,16,13,16,19,17,13,10,18,14,12,18,10,11,17,12,11,2130.280536
14,12,19,16,15,20,18,20,16,19,12,13,10,18,18,16,15,16,19,12,3097.34264
11,19,18,15,18,17,13,18,18,19,19,13,18,16,10,19,18,15,17,14,8260.462307
17,11,16,11,16,18,16,10,15,18,19,18,16,20,14,14,12,14,16,12,2983.823671
13,12,11,11,19,13,14,10,14,19,15,13,15,14,16,15,19,13,12,15,2755.476118
12,10,11,10,20,16,19,12,20,15,19,11,20,11,17,12,15,11,16,18,2210.711482
12,19,18,16,16,17,10,20,12,10,19,10,10,12,19,16,12,13,20,15,7741.251842
18,13,17,15,12,12,15,12,19,18,17,17,13,10,18,12,13,18,13,11,3355.515894
12,10,18,11,20,15,17,19,16,15,18,15,17,11,17,15,12,16,10,12,1920.35849
17,11,15,20,16,16,16,17,19,11,11,18,17,10,20,11,19,19,11,12,2493.967618
18,20,18,16,20,12,14,13,17,20,19,14,15,15,14,13,14,11,16,15,9415.790851
10,11,20,17,19,20,14,19,20,16,13,12,17,17,15,12,12,19,12,12,2719.121294
17,20,10,14,10,18,18,14,19,13,13,16,12,15,16,16,17,18,14,16,9314.19117
11,18,18,17,12,17,15,10,14,10,13,16,20,15,11,14,18,11,10,14,7013.966315
12,19,14,12,15,19,19,15,20,12,18,14,13,17,16,13,14,10,20,18,8317.354425
11,19,10,18,12,20,15,12,12,17,16,14,15,12,10,19,14,19,16,19,8151.416758
20,18,19,16,10,14,13,12,19,18,16,15,13,11,11,19,13,13,18,11,7175.91815
15,18,12,10,10,19,20,14,16,15,10,10,17,11,20,13,20,16,12,12,6916.949309
16,12,14,20,11,18,13,14,16,18,12,16,19,10,12,17,14,20,20,10,3093.795294
16,18,15,20,19,13,14,13,17,13,20,17,19,12,13,16,13,10,11,20,7077.483752
19,15,16,10,11,19,20,12,17,19,15,11,18,12,18,18,17,14,15,15,4756.94596
14,16,17,18,16,18,14,15,14,11,17,17,16,11,14,16,18,17,10,14,5197.60981
11,10,10,10,12,16,15,19,19,16,18,13,15,10,19,13,16,18,19,20,2202.067909
12,14,11,16,16,16,20,18,15,17,11,18,19,20,20,19,13,17,19,19,4215.183714
13,11,19,12,11,14,15,18,15,13,11,13,12,14,19,11,19,20,10,20,2329.618136
18,12,14,20,19,16,13,10,19,17,16,14,18,16,16,11,19,18,11,19,3280.60056
19,13,16,15,12,10,20,19,19,10,15,12,17,19,13,12,16,14,13,12,3522.799994
18,19,20,18,11,17,14,19,13,12,20,13,13,16,13,15,14,16,19,19,8346.533646
12,20,15,12,17,11,17,10,10,12,19,13,19,15,17,20,14,20,18,15,8868.337573
11,20,14,18,12,17,11,15,18,15,19,15,19,20,15,11,18,13,14,11,9444.883741
19,20,13,11,17,14,14,19,14,20,14,19,13,13,17,19,10,15,19,11,9230.51043
10,14,11,10,10,17,10,17,16,15,14,16,12,17,17,16,16,20,20,14,3928.120565
20,15,18,14,16,20,15,20,15,12,20,10,15,11,17,20,13,14,13,12,4554.708461
16,10,11,13,20,19,14,11,16,13,18,18,13,20,19,14,11,16,14,20,2568.521723
20,15,17,12,14,12,12,19,15,12,18,12,13,16,20,19,12,14,19,16,4515.786329
15,17,19,14,11,18,13,11,16,19,14,12,11,15,15,19,11,11,10,15,6076.621857
10,20,18,17,11,18,10,11,15,16,15,18,17,11,12,20,12,20,18,20,9298.928723
20,17,10,19,10,20,16,19,12,10,18,13,15,18,14,10,18,11,15,14,6516.985826
19,17,19,11,13,12,17,16,13,12,10,10,18,10,20,12,15,17,11,17,5861.07641
19,12,19,11,14,16,19,19,20,15,16,18,10,12,10,19,18,14,10,18,3054.828882
17,17,15,11,16,15,12,19,15,16,18,15,18,19,18,14,14,20,20,16,6443.430156
11,15,18,13,19,14,15,19,14,13,13,18,13,16,11,11,12,11,10,15,4486.505356
10,14,20,12,11,19,17,19,18,17,12,11,19,16,15,17,20,11,17,17,4077.733467
19,12,12,20,18,16,20,15,17,15,12,15,16,11,10,17,18,16,14,12,3065.655288
15,14,14,19,18,17,12,15,19,17,12,19,14,15,17,17,14,19,15,11,4029.350296
15,10,11,14,13,10,17,17,19,17,13,19,13,10,17,10,19,15,16,20,2213.726698
17,16,13,13,13,17,15,19,14,17,19,16,10,14,13,14,17,20,18,10,5373.688581
19,18,11,16,13,13,16,13,14,17,13,16,11,14,10,17,18,18,12,18,7100.926437
12,10,17,16,15,14,19,17,19,18,16,14,19,10,19,15,11,18,18,18,2181.447213
15,17,16,12,10,17,15,17,11,14,13,17,20,13,14,18,11,20,12,17,6130.423817
10,16,18,18,17,12,10,17,11,15,10,11,16,12,13,18,12,12,15,11,4831.253671
12,10,19,20,19,15,20,18,20,18,20,13,12,14,10,19,18,17,11,16,2199.621494
10,16,20,13,10,15,20,20,16,16,10,15,13,15,20,10,15,18,20,11,5214.963897
10,13,13,19,15,10,16,10,13,14,12,15,12,20,12,20,14,18,10,16,3165.020267
19,14,13,13,19,19,18,12,13,19,19,12,13,14,14,19,14,15,17,11,4068.788318
16,17,19,12,12,20,16,13,15,18,12,15,16,11,18,18,12,20,15,18,6221.633629
14,15,14,16,11,19,17,16,19,18,16,18,12,16,10,18,19,14,10,14,4787.608257
14,14,18,15,13,17,17,10,14,13,18,14,11,19,18,13,14,10,18,11,3978.262171
14,18,19,17,20,13,14,15,19,18,11,14,11,11,16,17,20,12,10,16,6812.235483
14,17,20,12,13,17,10,18,18,18,12,17,15,13,16,15,17,14,11,15,6147.618394
14,11,10,13,11,19,18,19,20,18,17,12,10,11,18,14,12,12,20,20,2703.194679
11,11,17,17,16,13,12,14,19,19,13,18,18,16,18,19,19,16,11,16,2483.912173
19,10,10,13,16,19,13,20,19,13,18,10,10,14,15,17,12,11,10,19,2291.115447
16,14,19,14,20,20,11,19,11,20,19,18,14,11,18,12,14,10,11,11,3978.36911
12,13,13,10,18,17,17,16,14,19,20,13,11,12,13,15,17,20,20,14,3342.779598
20,11,13,18,11,12,13,11,16,20,16,13,13,19,14,17,13,18,15,10,2733.87086
12,10,18,19,15,14,18,19,20,15,12,13,12,19,19,20,16,19,17,14,2097.531407
13,11,14,19,11,10,19,16,14,17,14,20,17,10,11,20,18,18,10,14,2296.647058
11,10,19,13,18,10,17,18,11,14,11,19,13,12,13,18,19,17,17,16,1870.98246
11,16,18,16,12,13,20,11,10,16,20,10,20,13,16,11,14,19,10,10,4952.655702
12,12,10,16,19,15,18,13,13,15,20,12,16,11,17,10,10,20,13,11,2661.299988
14,16,11,13,17,14,11,19,10,12,11,16,13,11,18,11,12,19,16,16,5046.188666
10,11,19,20,14,13,18,16,13,18,15,14,15,11,16,12,12,13,11,11,2184.394978
12,17,11,19,18,18,15,20,14,16,10,17,14,17,10,18,12,12,17,10,6214.718197
20,10,14,12,14,16,19,17,18,16,19,14,16,18,18,19,10,10,11,16,2414.994499
13,11,17,18,13,19,13,17,19,10,19,11,13,15,20,16,10,18,17,12,2410.812019
19,10,15,14,20,19,12,15,12,17,16,14,16,20,15,14,18,13,13,13,2595.284519
16,11,16,17,15,18,15,15,13,11,11,17,10,17,19,10,10,15,11,13,2559.054893
19,20,10,16,13,15,20,11,20,19,20,16,10,18,17,14,20,20,10,11,9435.37551
15,14,16,15,15,10,18,14,12,16,15,19,13,16,16,11,19,10,12,18,3888.592445
13,14,12,10,19,18,19,13,12,13,17,12,13,16,18,14,18,17,14,16,3862.136883
14,15,19,12,14,10,14,19,10,16,10,11,18,13,11,13,17,12,17,15,4409.275574
13,19,13,16,18,16,17,16,12,20,20,20,18,10,18,18,17,10,13,19,7992.322632
12,19,10,17,10,17,16,18,20,12,13,16,18,16,19,19,13,10,16,11,7967.729698
12,15,14,20,11,16,19,11,15,13,18,14,16,17,17,15,11,20,19,15,4615.561604
16,14,13,10,12,11,12,11,15,11,10,16,12,19,19,14,17,13,19,18,3978.981292
13,20,11,11,12,11,20,20,13,16,12,15,18,14,15,14,11,16,12,12,8983.434429
17,13,10,20,20,16,10,17,10,14,17,11,17,18,11,11,14,19,12,17,3565.814464
12,12,10,19,18,19,11,16,16,11,17,16,14,20,20,11,18,17,12,10,3015.287772
14,11,19,12,18,20,20,19,11,12,12,12,19,10,11,18,20,14,13,17,2514.58558
10,11,16,11,17,20,17,16,16,19,12,10,11,13,10,12,11,12,20,19,2730.11967
18,10,13,10,18,14,15,19,13,16,14,16,12,15,15,11,13,10,14,11,2219.060461
12,11,11,18,20,11,10,12,16,12,10,15,11,17,14,15,20,13,16,12,2305.804859
12,13,16,15,20,10,18,20,14,15,19,15,13,12,14,14,18,12,16,14,3105.356627
18,17,10,15,17,10,12,11,19,19,12,20,12,18,16,12,14,12,10,12,6260.599727
19,20,15,18,19,17,10,18,17,14,18,20,17,13,12,15,14,17,16,10,9467.3961
19,12,16,10,18,14,18,18,18,13,13,12,16,18,18,10,20,16,19,15,3207.443339
20,15,11,19,17,18,12,15,18,19,20,14,17,15,15,17,11,11,10,19,4928.990019
18,20,17,18,17,17,18,17,11,18,13,14,19,10,17,13,18,16,19,15,9323.983916
13,20,12,12,20,15,10,20,13,11,14,15,19,19,13,10,11,16,14,11,9271.74462
20,13,10,18,17,11,13,10,10,20,18,13,11,18,17,10,17,18,15,11,3481.489286
14,12,16,19,12,18,15,10,20,19,11,20,15,10,16,14,19,13,15,13,3100.386473
17,12,18,17,10,13,11,20,16,17,12,15,12,10,17,15,13,13,20,19,2931.876342
14,14,20,16,19,12,20,10,17,14,10,11,10,19,14,16,20,20,16,20,3991.192275
16,10,19,18,17,20,12,19,10,19,19,13,16,16,17,17,15,12,18,19,2459.307144
14,15,17,20,12,16,11,15,10,12,14,11,10,12,20,20,17,10,10,19,4076.919553
12,20,11,11,15,11,11,18,10,12,10,17,16,19,14,11,13,11,16,13,9119.650474
14,11,11,19,14,19,10,17,10,11,13,19,10,12,15,15,19,17,19,14,2457.780851
10,15,14,20,12,13,13,18,18,20,15,13,10,17,13,13,12,14,15,18,4628.017041
12,11,20,14,17,16,14,20,16,20,16,19,11,17,16,14,19,15,18,17,2749.501037
19,12,11,18,10,16,14,19,12,16,15,10,17,10,16,18,14,13,20,17,2968.697686
12,12,14,18,17,16,15,20,17,19,16,17,11,19,18,19,13,10,15,18,3033.500338
11,16,19,15,18,19,14,20,18,10,12,19,18,11,17,11,16,16,15,20,5441.773257
20,12,17,10,12,13,12,14,18,16,10,18,19,13,10,18,19,13,18,13,3218.371573
11,19,20,17,11,18,10,18,12,14,15,11,20,10,20,16,12,12,13,15,7751.671057
19,14,20,11,12,16,20,15,12,13,18,11,18,20,19,16,16,10,18,11,4115.613585
10,19,13,12,20,16,10,18,15,15,15,18,10,17,14,11,12,17,17,14,8062.159168
12,13,19,14,10,16,19,20,18,10,13,19,14,11,16,18,17,10,17,20,3307.909502
11,12,16,18,10,19,11,12,17,16,16,11,17,18,13,16,11,10,16,17,3138.912075
15,19,12,13,15,19,11,19,13,19,17,19,19,13,13,14,11,10,13,10,8234.106453
